Order ID,Order Date,Product,Category,Region,Quantity,Unit Price,Discount,Sales,Cost,Profit
ORD0233,2025-01-01,Backpack,Bags,East,1,27.58,0.15,23.44,16.83,6.61
ORD0745,2025-01-01,Office Chair,Furniture,South,5,126.21,0.0,631.05,434.7,196.35
ORD0239,2025-01-03,Smartphone,Electronics,Central,1,494.43,0.0,494.43,344.82,149.61
ORD0741,2025-01-03,Keyboard,Accessories,West,7,70.33,0.1,443.08,343.94,99.14
ORD0594,2025-01-05,Backpack,Bags,East,4,89.08,0.05,338.5,257.56,80.94
ORD0107,2025-01-06,Laptop,Electronics,South,3,657.3,0.05,1873.3,1460.15,413.15
ORD0620,2025-01-06,Laptop,Electronics,South,2,744.86,0.0,1489.72,1092.9,396.82
ORD0492,2025-01-07,Office Chair,Furniture,North,1,103.13,0.05,97.97,64.38,33.59
ORD0268,2025-01-07,Mouse,Accessories,West,6,62.92,0.1,339.77,251.83,87.94
ORD0142,2025-01-07,Printer,Office Equipment,South,4,300.43,0.0,1201.72,767.45,434.27
ORD0451,2025-01-10,Headphones,Electronics,West,3,39.23,0.05,111.81,79.66,32.15
ORD0285,2025-01-10,Mouse,Accessories,South,1,51.91,0.0,51.91,32.75,19.16
ORD0124,2025-01-11,Mouse,Accessories,South,3,44.8,0.1,120.96,84.65,36.31
ORD0305,2025-01-12,Monitor,Electronics,North,1,302.89,0.0,302.89,221.78,81.11
ORD0632,2025-01-12,Keyboard,Accessories,Central,7,50.79,0.15,302.2,197.92,104.28
ORD0272,2025-01-12,Monitor,Electronics,West,5,128.52,0.0,642.6,496.49,146.11
ORD0240,2025-01-12,Backpack,Bags,Central,2,65.73,0.0,131.46,85.22,46.24
ORD0766,2025-01-16,Mouse,Accessories,East,4,28.76,0.0,115.04,75.77,39.27
ORD0453,2025-01-17,Mouse,Accessories,South,4,55.75,0.15,189.55,145.99,43.56
ORD0686,2025-01-19,Printer,Office Equipment,Central,2,153.15,0.1,275.67,162.11,113.56
ORD0799,2025-01-19,Smartphone,Electronics,South,2,641.48,0.1,1154.66,804.26,350.4
ORD0403,2025-01-19,Headphones,Electronics,South,3,65.55,0.15,167.15,97.24,69.91
ORD0301,2025-01-19,Office Chair,Furniture,Central,3,287.13,0.1,775.25,544.53,230.72
ORD0226,2025-01-20,Keyboard,Accessories,South,4,50.63,0.0,202.52,138.98,63.54
ORD0668,2025-01-20,Keyboard,Accessories,East,3,70.46,0.05,200.81,138.21,62.6
ORD0380,2025-01-23,Smartphone,Electronics,East,3,497.57,0.05,1418.07,1037.84,380.23
ORD0627,2025-01-25,Desk,Furniture,East,2,151.97,0.0,303.94,182.38,121.56
ORD0271,2025-01-25,Mouse,Accessories,Central,6,60.1,0.0,360.6,277.86,82.74
ORD0438,2025-01-26,Office Chair,Furniture,North,1,148.6,0.0,148.6,90.37,58.23
ORD0410,2025-01-27,Backpack,Bags,Central,3,93.3,0.15,237.91,157.26,80.65
ORD0198,2025-01-27,Printer,Office Equipment,South,6,161.11,0.0,966.66,590.37,376.29
ORD0019,2025-01-28,Mouse,Accessories,West,4,65.92,0.1,237.31,167.7,69.61
ORD0148,2025-01-29,Headphones,Electronics,Central,6,128.53,0.0,771.18,467.69,303.49
ORD0637,2025-01-30,Office Chair,Furniture,Central,7,183.88,0.0,1287.16,921.53,365.63
ORD0379,2025-01-30,Monitor,Electronics,West,3,145.61,0.05,414.99,312.22,102.77
ORD0564,2025-01-31,Smartphone,Electronics,East,6,725.56,0.0,4353.36,2596.99,1756.37
ORD0184,2025-01-31,Office Chair,Furniture,South,7,319.23,0.15,1899.42,1278.49,620.93
ORD0467,2025-02-01,Keyboard,Accessories,East,1,61.17,0.0,61.17,44.7,16.47
ORD0774,2025-02-01,Printer,Office Equipment,East,7,189.97,0.05,1263.3,884.55,378.75
ORD0014,2025-02-02,Laptop,Electronics,Central,7,910.43,0.15,5417.06,4062.84,1354.22
ORD0179,2025-02-07,Desk,Furniture,East,1,329.33,0.0,329.33,217.91,111.42
ORD0157,2025-02-08,Headphones,Electronics,East,1,106.85,0.05,101.51,67.7,33.81
ORD0496,2025-02-08,Mouse,Accessories,North,1,50.9,0.1,45.81,28.44,17.37
ORD0181,2025-02-09,Keyboard,Accessories,East,5,111.12,0.05,527.82,376.03,151.79
ORD0460,2025-02-09,Headphones,Electronics,Central,3,108.5,0.0,325.5,241.58,83.92
ORD0455,2025-02-10,Smartphone,Electronics,North,5,785.9,0.0,3929.5,2939.12,990.38
ORD0267,2025-02-11,Keyboard,Accessories,South,4,105.89,0.0,423.56,324.5,99.06
ORD0669,2025-02-11,Desk,Furniture,East,3,342.52,0.05,976.18,611.82,364.36
ORD0273,2025-02-12,Headphones,Electronics,South,6,162.04,0.0,972.24,729.46,242.78
ORD0512,2025-02-14,Monitor,Electronics,North,7,179.15,0.05,1191.35,745.69,445.66
ORD0204,2025-02-15,Laptop,Electronics,West,6,949.66,0.0,5697.96,3421.96,2276.0
ORD0161,2025-02-16,Backpack,Bags,South,4,43.8,0.15,148.92,114.49,34.43
ORD0314,2025-02-16,Office Chair,Furniture,East,6,257.07,0.0,1542.42,1090.85,451.57
ORD0721,2025-02-17,Headphones,Electronics,East,5,121.14,0.05,575.42,341.5,233.92
ORD0784,2025-02-18,Backpack,Bags,South,1,50.43,0.0,50.43,32.4,18.03
ORD0133,2025-02-18,Monitor,Electronics,North,7,211.6,0.0,1481.2,922.1,559.1
ORD0481,2025-02-19,Office Chair,Furniture,North,6,247.43,0.0,1484.58,966.72,517.86
ORD0044,2025-02-20,Backpack,Bags,North,7,56.92,0.0,398.44,277.18,121.26
ORD0757,2025-02-21,Printer,Office Equipment,South,6,174.58,0.05,995.11,774.62,220.49
ORD0533,2025-02-23,Keyboard,Accessories,East,6,39.87,0.05,227.26,164.37,62.89
ORD0629,2025-02-23,Headphones,Electronics,East,1,68.56,0.1,61.7,47.22,14.48
ORD0045,2025-02-23,Smartphone,Electronics,East,6,407.6,0.05,2323.32,1361.7,961.62
ORD0701,2025-02-25,Keyboard,Accessories,East,2,88.88,0.0,177.76,105.07,72.69
ORD0049,2025-02-27,Laptop,Electronics,South,5,682.35,0.0,3411.75,2448.61,963.14
ORD0663,2025-02-27,Keyboard,Accessories,Central,2,31.25,0.1,56.25,37.84,18.41
ORD0715,2025-02-27,Headphones,Electronics,South,5,43.83,0.05,208.19,128.36,79.83
ORD0048,2025-02-27,Keyboard,Accessories,South,6,28.9,0.0,173.4,115.61,57.79
ORD0213,2025-02-28,Smartphone,Electronics,East,6,645.56,0.0,3873.36,3018.38,854.98
ORD0562,2025-03-01,Headphones,Electronics,South,3,82.31,0.0,246.93,154.7,92.23
ORD0536,2025-03-02,Headphones,Electronics,North,6,112.32,0.05,640.22,467.13,173.09
ORD0764,2025-03-02,Smartphone,Electronics,South,1,385.83,0.1,347.25,213.13,134.12
ORD0528,2025-03-03,Office Chair,Furniture,North,2,180.99,0.15,307.68,201.79,105.89
ORD0759,2025-03-06,Smartphone,Electronics,North,6,435.53,0.1,2351.86,1364.36,987.5
ORD0221,2025-03-07,Mouse,Accessories,East,7,21.48,0.0,150.36,116.36,34.0
ORD0304,2025-03-07,Mouse,Accessories,North,1,44.19,0.1,39.77,27.97,11.8
ORD0439,2025-03-09,Desk,Furniture,West,5,224.97,0.15,956.12,655.38,300.74
ORD0052,2025-03-10,Headphones,Electronics,North,3,144.89,0.0,434.67,262.2,172.47
ORD0306,2025-03-11,Laptop,Electronics,East,1,1033.23,0.0,1033.23,666.83,366.4
ORD0756,2025-03-12,Backpack,Bags,South,2,98.61,0.0,197.22,145.08,52.14
ORD0572,2025-03-13,Office Chair,Furniture,North,4,217.3,0.05,825.74,516.88,308.86
ORD0256,2025-03-14,Backpack,Bags,North,5,31.75,0.0,158.75,120.47,38.28
ORD0156,2025-03-14,Keyboard,Accessories,North,5,39.69,0.05,188.53,127.23,61.3
ORD0727,2025-03-14,Laptop,Electronics,West,4,850.02,0.05,3230.08,2027.89,1202.19
ORD0776,2025-03-15,Headphones,Electronics,North,7,94.79,0.0,663.53,461.26,202.27
ORD0449,2025-03-15,Smartphone,Electronics,West,2,674.39,0.05,1281.34,746.28,535.06
ORD0345,2025-03-16,Smartphone,Electronics,North,4,747.95,0.1,2692.62,1664.72,1027.9
ORD0415,2025-03-16,Monitor,Electronics,North,7,213.81,0.0,1496.67,1056.52,440.15
ORD0311,2025-03-17,Desk,Furniture,South,1,361.87,0.0,361.87,260.21,101.66
ORD0141,2025-03-19,Backpack,Bags,East,4,45.25,0.0,181.0,113.78,67.22
ORD0099,2025-03-19,Smartphone,Electronics,South,7,758.22,0.0,5307.54,3885.07,1422.47
ORD0736,2025-03-19,Headphones,Electronics,East,6,80.25,0.1,433.35,326.0,107.35
ORD0724,2025-03-20,Laptop,Electronics,South,3,872.96,0.1,2356.99,1679.39,677.6
ORD0525,2025-03-23,Smartphone,Electronics,South,4,716.36,0.05,2722.17,2113.33,608.84
ORD0625,2025-03-24,Mouse,Accessories,Central,1,37.0,0.0,37.0,22.93,14.07
ORD0275,2025-03-24,Keyboard,Accessories,North,2,30.49,0.05,57.93,45.0,12.93
ORD0194,2025-03-25,Smartphone,Electronics,East,7,704.26,0.0,4929.82,3687.45,1242.37
ORD0463,2025-03-26,Laptop,Electronics,Central,6,671.85,0.15,3426.44,2142.3,1284.14
ORD0710,2025-03-26,Smartphone,Electronics,North,4,651.6,0.05,2476.08,1651.08,825.0
ORD0563,2025-03-27,Headphones,Electronics,West,1,86.29,0.0,86.29,66.88,19.41
ORD0231,2025-03-27,Smartphone,Electronics,South,7,619.93,0.0,4339.51,3270.38,1069.13
ORD0504,2025-03-29,Mouse,Accessories,West,5,29.46,0.05,139.94,82.74,57.2
ORD0787,2025-03-31,Keyboard,Accessories,North,6,85.3,0.0,511.8,373.55,138.25
ORD0445,2025-03-31,Mouse,Accessories,North,1,23.42,0.15,19.91,15.51,4.4
ORD0245,2025-03-31,Mouse,Accessories,North,2,47.4,0.1,85.32,54.14,31.18
ORD0531,2025-04-02,Office Chair,Furniture,North,3,264.5,0.05,753.82,549.12,204.7
ORD0443,2025-04-03,Keyboard,Accessories,West,6,66.12,0.0,396.72,243.25,153.47
ORD0747,2025-04-04,Monitor,Electronics,Central,6,444.3,0.0,2665.8,1585.28,1080.52
ORD0725,2025-04-05,Backpack,Bags,North,5,104.2,0.15,442.85,320.64,122.21
ORD0470,2025-04-06,Smartphone,Electronics,East,1,763.11,0.1,686.8,494.11,192.69
ORD0648,2025-04-06,Office Chair,Furniture,Central,2,239.59,0.0,479.18,304.37,174.81
ORD0017,2025-04-06,Laptop,Electronics,West,5,730.69,0.1,3288.11,2219.72,1068.39
ORD0416,2025-04-06,Office Chair,Furniture,North,7,116.71,0.0,816.97,601.78,215.19
ORD0480,2025-04-07,Keyboard,Accessories,Central,6,62.11,0.0,372.66,246.82,125.84
ORD0768,2025-04-07,Smartphone,Electronics,South,5,470.82,0.1,2118.69,1322.28,796.41
ORD0773,2025-04-07,Smartphone,Electronics,South,2,628.85,0.05,1194.82,750.79,444.03
ORD0752,2025-04-07,Smartphone,Electronics,North,6,653.07,0.1,3526.58,2555.21,971.37
ORD0154,2025-04-08,Headphones,Electronics,Central,4,139.26,0.0,557.04,386.19,170.85
ORD0486,2025-04-08,Monitor,Electronics,North,3,291.5,0.0,874.5,613.11,261.39
ORD0392,2025-04-09,Monitor,Electronics,West,7,389.53,0.0,2726.71,2008.16,718.55
ORD0175,2025-04-09,Desk,Furniture,West,5,141.98,0.15,603.42,456.64,146.78
ORD0054,2025-04-10,Keyboard,Accessories,South,1,69.14,0.05,65.68,38.73,26.95
ORD0422,2025-04-11,Headphones,Electronics,West,5,103.93,0.05,493.67,385.01,108.66
ORD0203,2025-04-12,Keyboard,Accessories,North,7,93.58,0.05,622.31,455.16,167.15
ORD0255,2025-04-12,Mouse,Accessories,South,7,31.78,0.1,200.21,140.28,59.93
ORD0046,2025-04-13,Smartphone,Electronics,West,1,705.33,0.0,705.33,545.26,160.07
ORD0041,2025-04-14,Mouse,Accessories,North,6,32.8,0.0,196.8,125.77,71.03
ORD0262,2025-04-14,Printer,Office Equipment,Central,3,378.15,0.0,1134.45,748.58,385.87
ORD0284,2025-04-15,Mouse,Accessories,North,5,38.65,0.1,173.92,131.9,42.02
ORD0374,2025-04-15,Monitor,Electronics,South,3,237.07,0.15,604.53,431.46,173.07
ORD0730,2025-04-16,Monitor,Electronics,East,1,180.21,0.15,153.18,101.96,51.22
ORD0781,2025-04-17,Backpack,Bags,West,5,53.8,0.15,228.65,166.36,62.29
ORD0684,2025-04-18,Keyboard,Accessories,West,1,103.7,0.0,103.7,70.04,33.66
ORD0603,2025-04-18,Backpack,Bags,West,2,87.8,0.0,175.6,124.98,50.62
ORD0578,2025-04-19,Monitor,Electronics,East,7,185.84,0.0,1300.88,816.19,484.69
ORD0339,2025-04-19,Backpack,Bags,Central,4,87.88,0.0,351.52,273.37,78.15
ORD0458,2025-04-19,Backpack,Bags,Central,5,89.86,0.1,404.37,306.42,97.95
ORD0103,2025-04-21,Headphones,Electronics,West,1,133.47,0.1,120.12,81.64,38.48
ORD0409,2025-04-21,Headphones,Electronics,West,6,42.28,0.0,253.68,167.57,86.11
ORD0599,2025-04-22,Office Chair,Furniture,West,1,132.75,0.0,132.75,91.51,41.24
ORD0664,2025-04-22,Headphones,Electronics,East,1,105.91,0.1,95.32,66.58,28.74
ORD0548,2025-04-23,Mouse,Accessories,South,5,69.75,0.15,296.44,210.44,86.0
ORD0373,2025-04-23,Monitor,Electronics,North,2,150.45,0.05,285.85,197.21,88.64
ORD0775,2025-04-24,Office Chair,Furniture,Central,6,212.54,0.05,1211.48,794.3,417.18
ORD0401,2025-04-24,Monitor,Electronics,Central,5,440.61,0.0,2203.05,1601.19,601.86
ORD0180,2025-04-24,Office Chair,Furniture,Central,2,228.48,0.15,388.42,233.79,154.63
ORD0454,2025-04-24,Printer,Office Equipment,North,5,269.22,0.0,1346.1,957.52,388.58
ORD0514,2025-04-25,Monitor,Electronics,West,2,410.95,0.0,821.9,581.02,240.88
ORD0673,2025-04-26,Headphones,Electronics,West,1,176.4,0.1,158.76,101.7,57.06
ORD0639,2025-04-26,Backpack,Bags,North,4,35.38,0.0,141.52,100.43,41.09
ORD0242,2025-04-27,Office Chair,Furniture,West,3,94.74,0.0,284.22,165.28,118.94
ORD0074,2025-04-27,Mouse,Accessories,South,4,67.81,0.0,271.24,172.82,98.42
ORD0394,2025-04-27,Backpack,Bags,South,5,71.16,0.0,355.8,274.96,80.84
ORD0097,2025-05-01,Smartphone,Electronics,East,2,629.72,0.0,1259.44,931.84,327.6
ORD0001,2025-05-02,Monitor,Electronics,East,5,180.53,0.1,812.38,568.15,244.23
ORD0613,2025-05-02,Office Chair,Furniture,West,7,262.06,0.0,1834.42,1194.08,640.34
ORD0694,2025-05-03,Mouse,Accessories,East,2,28.44,0.1,51.19,35.25,15.94
ORD0479,2025-05-04,Backpack,Bags,North,7,102.02,0.0,714.14,510.47,203.67
ORD0295,2025-05-04,Laptop,Electronics,South,1,1021.23,0.0,1021.23,668.33,352.9
ORD0228,2025-05-06,Mouse,Accessories,South,4,20.6,0.15,70.04,54.14,15.9
ORD0210,2025-05-07,Backpack,Bags,North,4,75.79,0.1,272.84,184.49,88.35
ORD0357,2025-05-07,Laptop,Electronics,Central,4,1000.9,0.1,3603.24,2327.99,1275.25
ORD0494,2025-05-07,Keyboard,Accessories,North,3,66.19,0.0,198.57,144.89,53.68
ORD0515,2025-05-07,Smartphone,Electronics,East,2,584.26,0.0,1168.52,691.23,477.29
ORD0405,2025-05-08,Mouse,Accessories,North,7,20.29,0.1,127.83,93.8,34.03
ORD0748,2025-05-08,Keyboard,Accessories,North,5,99.58,0.0,497.9,370.46,127.44
ORD0654,2025-05-08,Mouse,Accessories,South,4,44.71,0.05,169.9,100.9,69.0
ORD0152,2025-05-10,Backpack,Bags,West,2,59.37,0.1,106.87,71.01,35.86
ORD0123,2025-05-10,Smartphone,Electronics,East,7,688.51,0.0,4819.57,3016.33,1803.24
ORD0325,2025-05-11,Monitor,Electronics,South,6,361.17,0.15,1841.97,1162.85,679.12
ORD0067,2025-05-13,Smartphone,Electronics,East,5,521.93,0.0,2609.65,1800.41,809.24
ORD0641,2025-05-15,Laptop,Electronics,West,4,682.49,0.15,2320.47,1418.36,902.11
ORD0114,2025-05-17,Backpack,Bags,South,4,107.03,0.0,428.12,310.89,117.23
ORD0091,2025-05-18,Desk,Furniture,North,4,233.22,0.05,886.24,637.67,248.57
ORD0110,2025-05-20,Smartphone,Electronics,North,6,641.02,0.0,3846.12,2797.09,1049.03
ORD0700,2025-05-21,Laptop,Electronics,East,6,923.73,0.15,4711.02,2866.71,1844.31
ORD0351,2025-05-22,Mouse,Accessories,West,6,50.9,0.05,290.13,174.72,115.41
ORD0437,2025-05-23,Printer,Office Equipment,West,7,335.56,0.15,1996.58,1375.44,621.14
ORD0692,2025-05-24,Printer,Office Equipment,West,2,335.32,0.05,637.11,422.29,214.82
ORD0643,2025-05-24,Printer,Office Equipment,Central,2,230.31,0.0,460.62,324.16,136.46
ORD0176,2025-05-25,Printer,Office Equipment,East,5,178.07,0.05,845.83,573.67,272.16
ORD0232,2025-05-25,Mouse,Accessories,South,7,66.79,0.05,444.15,301.77,142.38
ORD0079,2025-05-25,Headphones,Electronics,North,5,176.29,0.15,749.23,539.17,210.06
ORD0396,2025-05-27,Laptop,Electronics,South,4,836.71,0.0,3346.84,2590.19,756.65
ORD0400,2025-05-27,Smartphone,Electronics,East,1,282.71,0.0,282.71,200.17,82.54
ORD0153,2025-05-29,Printer,Office Equipment,East,1,124.84,0.05,118.6,74.61,43.99
ORD0426,2025-05-29,Headphones,Electronics,West,7,53.23,0.1,335.35,259.87,75.48
ORD0066,2025-05-31,Laptop,Electronics,North,4,781.47,0.05,2969.59,2169.21,800.38
ORD0164,2025-06-01,Desk,Furniture,East,2,318.53,0.05,605.21,429.72,175.49
ORD0779,2025-06-01,Smartphone,Electronics,South,6,363.19,0.1,1961.23,1351.95,609.28
ORD0249,2025-06-01,Smartphone,Electronics,North,1,605.63,0.0,605.63,394.96,210.67
ORD0446,2025-06-03,Smartphone,Electronics,West,5,490.35,0.05,2329.16,1384.96,944.2
ORD0549,2025-06-04,Office Chair,Furniture,South,1,221.04,0.15,187.88,140.26,47.62
ORD0225,2025-06-05,Mouse,Accessories,West,7,50.5,0.05,335.82,251.47,84.35
ORD0244,2025-06-05,Smartphone,Electronics,East,5,589.54,0.05,2800.31,1999.48,800.83
ORD0417,2025-06-06,Laptop,Electronics,West,2,836.79,0.0,1673.58,1285.46,388.12
ORD0146,2025-06-07,Headphones,Electronics,East,4,176.31,0.1,634.72,382.64,252.08
ORD0235,2025-06-08,Printer,Office Equipment,North,6,195.43,0.1,1055.32,821.74,233.58
ORD0310,2025-06-08,Keyboard,Accessories,West,4,30.02,0.05,114.08,79.84,34.24
ORD0440,2025-06-08,Mouse,Accessories,North,1,32.02,0.15,27.22,17.37,9.85
ORD0753,2025-06-10,Smartphone,Electronics,West,4,383.2,0.0,1532.8,1117.11,415.69
ORD0227,2025-06-10,Laptop,Electronics,North,7,739.88,0.0,5179.16,3095.64,2083.52
ORD0166,2025-06-10,Keyboard,Accessories,Central,1,76.15,0.05,72.34,52.63,19.71
ORD0408,2025-06-11,Printer,Office Equipment,South,3,360.68,0.05,1027.94,619.42,408.52
ORD0363,2025-06-11,Smartphone,Electronics,East,4,518.22,0.05,1969.24,1516.52,452.72
ORD0009,2025-06-11,Monitor,Electronics,South,6,300.41,0.0,1802.46,1394.95,407.51
ORD0270,2025-06-13,Keyboard,Accessories,North,2,103.14,0.0,206.28,155.21,51.07
ORD0750,2025-06-14,Printer,Office Equipment,North,5,177.88,0.0,889.4,582.81,306.59
ORD0544,2025-06-15,Desk,Furniture,South,6,335.15,0.0,2010.9,1429.49,581.41
ORD0090,2025-06-15,Mouse,Accessories,North,7,37.37,0.15,222.35,144.45,77.9
ORD0254,2025-06-16,Printer,Office Equipment,North,3,279.11,0.05,795.46,531.8,263.66
ORD0250,2025-06-16,Smartphone,Electronics,South,5,416.13,0.1,1872.58,1404.87,467.71
ORD0112,2025-06-17,Monitor,Electronics,South,2,301.04,0.05,571.98,354.83,217.15
ORD0057,2025-06-17,Monitor,Electronics,South,3,390.81,0.05,1113.81,828.77,285.04
ORD0716,2025-06-17,Monitor,Electronics,East,3,214.26,0.1,578.5,338.3,240.2
ORD0475,2025-06-17,Mouse,Accessories,East,2,37.38,0.0,74.76,53.9,20.86
ORD0292,2025-06-18,Mouse,Accessories,North,3,19.04,0.05,54.26,39.88,14.38
ORD0037,2025-06-21,Smartphone,Electronics,West,3,564.6,0.1,1524.42,897.46,626.96
ORD0425,2025-06-22,Mouse,Accessories,Central,3,54.37,0.05,154.95,114.55,40.4
ORD0619,2025-06-22,Laptop,Electronics,Central,5,821.38,0.1,3696.21,2753.29,942.92
ORD0281,2025-06-22,Smartphone,Electronics,West,5,708.87,0.05,3367.13,2086.85,1280.28
ORD0072,2025-06-22,Keyboard,Accessories,Central,3,48.63,0.0,145.89,97.29,48.6
ORD0420,2025-06-24,Mouse,Accessories,Central,2,44.75,0.15,76.08,56.97,19.11
ORD0516,2025-06-24,Headphones,Electronics,North,6,174.18,0.05,992.83,686.42,306.41
ORD0714,2025-06-26,Office Chair,Furniture,West,1,297.02,0.1,267.32,187.66,79.66
ORD0328,2025-06-26,Printer,Office Equipment,North,5,358.04,0.1,1611.18,956.29,654.89
ORD0229,2025-06-27,Headphones,Electronics,West,5,160.85,0.05,764.04,521.93,242.11
ORD0557,2025-06-28,Printer,Office Equipment,West,3,321.23,0.0,963.69,713.64,250.05
ORD0737,2025-06-28,Printer,Office Equipment,West,5,304.8,0.0,1524.0,1171.52,352.48
ORD0119,2025-06-28,Keyboard,Accessories,South,3,76.57,0.0,229.71,148.52,81.19
ORD0772,2025-06-29,Mouse,Accessories,South,2,65.6,0.1,118.08,81.76,36.32
ORD0645,2025-06-30,Laptop,Electronics,South,1,846.89,0.0,846.89,601.65,245.24
ORD0541,2025-07-01,Monitor,Electronics,Central,5,392.39,0.1,1765.76,1112.08,653.68
ORD0719,2025-07-01,Backpack,Bags,East,2,78.29,0.1,140.92,98.97,41.95
ORD0647,2025-07-01,Mouse,Accessories,South,5,19.83,0.0,99.15,75.15,24.0
ORD0282,2025-07-02,Monitor,Electronics,Central,1,300.83,0.05,285.79,214.02,71.77
ORD0165,2025-07-02,Keyboard,Accessories,West,5,32.31,0.05,153.47,99.44,54.03
ORD0093,2025-07-02,Smartphone,Electronics,East,3,382.08,0.0,1146.24,694.36,451.88
ORD0596,2025-07-02,Backpack,Bags,North,2,101.12,0.15,171.9,110.49,61.41
ORD0279,2025-07-02,Monitor,Electronics,South,6,178.37,0.0,1070.22,827.03,243.19
ORD0791,2025-07-02,Desk,Furniture,West,4,400.5,0.1,1441.8,1106.93,334.87
ORD0592,2025-07-03,Printer,Office Equipment,West,2,378.59,0.0,757.18,453.15,304.03
ORD0501,2025-07-06,Monitor,Electronics,Central,5,312.87,0.05,1486.13,941.87,544.26
ORD0615,2025-07-06,Monitor,Electronics,West,2,297.47,0.0,594.94,370.88,224.06
ORD0430,2025-07-07,Backpack,Bags,South,4,25.84,0.05,98.19,75.87,22.32
ORD0666,2025-07-07,Desk,Furniture,North,3,309.98,0.1,836.95,589.07,247.88
ORD0308,2025-07-07,Monitor,Electronics,North,5,120.62,0.0,603.1,353.3,249.8
ORD0755,2025-07-08,Monitor,Electronics,South,2,269.23,0.1,484.61,347.61,137.0
ORD0062,2025-07-09,Printer,Office Equipment,Central,4,211.61,0.1,761.8,493.77,268.03
ORD0660,2025-07-09,Laptop,Electronics,Central,7,779.09,0.05,5180.95,3158.53,2022.42
ORD0344,2025-07-09,Backpack,Bags,North,6,39.77,0.1,214.76,160.04,54.72
ORD0738,2025-07-10,Headphones,Electronics,West,6,159.48,0.0,956.88,689.92,266.96
ORD0469,2025-07-10,Mouse,Accessories,North,4,48.67,0.0,194.68,134.72,59.96
ORD0606,2025-07-10,Laptop,Electronics,South,1,833.17,0.0,833.17,585.55,247.62
ORD0061,2025-07-11,Monitor,Electronics,East,5,213.07,0.0,1065.35,777.84,287.51
ORD0601,2025-07-11,Monitor,Electronics,Central,2,227.84,0.0,455.68,339.62,116.06
ORD0600,2025-07-11,Office Chair,Furniture,East,4,241.17,0.0,964.68,727.95,236.73
ORD0189,2025-07-11,Smartphone,Electronics,North,4,345.56,0.1,1244.02,957.22,286.8
ORD0551,2025-07-12,Mouse,Accessories,West,2,44.17,0.1,79.51,59.0,20.51
ORD0623,2025-07-12,Office Chair,Furniture,West,5,312.87,0.1,1407.92,940.65,467.27
ORD0206,2025-07-13,Backpack,Bags,South,6,27.82,0.0,166.92,110.06,56.86
ORD0069,2025-07-13,Smartphone,Electronics,Central,7,484.35,0.0,3390.45,2235.43,1155.02
ORD0524,2025-07-13,Laptop,Electronics,West,6,805.13,0.1,4347.7,3305.79,1041.91
ORD0094,2025-07-14,Smartphone,Electronics,East,4,350.03,0.0,1400.12,1063.19,336.93
ORD0121,2025-07-15,Smartphone,Electronics,South,1,638.84,0.1,574.96,349.94,225.02
ORD0602,2025-07-16,Laptop,Electronics,North,5,835.59,0.0,4177.95,3242.56,935.39
ORD0026,2025-07-17,Laptop,Electronics,East,3,746.86,0.1,2016.52,1359.26,657.26
ORD0457,2025-07-18,Keyboard,Accessories,South,5,74.09,0.1,333.4,212.21,121.19
ORD0667,2025-07-19,Headphones,Electronics,South,4,106.35,0.1,382.86,239.86,143.0
ORD0286,2025-07-19,Laptop,Electronics,North,4,962.47,0.1,3464.89,2352.97,1111.92
ORD0359,2025-07-20,Laptop,Electronics,Central,4,738.09,0.05,2804.74,2040.49,764.25
ORD0569,2025-07-20,Office Chair,Furniture,West,4,94.11,0.05,357.62,241.1,116.52
ORD0651,2025-07-20,Smartphone,Electronics,South,1,760.87,0.0,760.87,512.12,248.75
ORD0387,2025-07-20,Backpack,Bags,North,5,56.48,0.0,282.4,190.56,91.84
ORD0484,2025-07-21,Headphones,Electronics,North,2,171.48,0.15,291.52,169.75,121.77
ORD0382,2025-07-21,Monitor,Electronics,West,4,134.78,0.1,485.21,373.29,111.92
ORD0075,2025-07-22,Laptop,Electronics,West,5,667.26,0.1,3002.67,2058.45,944.22
ORD0538,2025-07-23,Keyboard,Accessories,North,7,42.83,0.0,299.81,215.8,84.01
ORD0402,2025-07-23,Laptop,Electronics,South,3,927.01,0.0,2781.03,1779.52,1001.51
ORD0790,2025-07-24,Smartphone,Electronics,North,4,279.58,0.0,1118.32,728.69,389.63
ORD0659,2025-07-25,Keyboard,Accessories,East,4,86.73,0.0,346.92,229.11,117.81
ORD0016,2025-07-26,Office Chair,Furniture,South,2,151.36,0.0,302.72,178.03,124.69
ORD0350,2025-07-26,Printer,Office Equipment,South,4,169.83,0.1,611.39,361.83,249.56
ORD0197,2025-07-27,Smartphone,Electronics,East,1,608.42,0.0,608.42,458.06,150.36
ORD0031,2025-07-27,Keyboard,Accessories,East,3,42.93,0.0,128.79,92.74,36.05
ORD0607,2025-07-27,Headphones,Electronics,North,5,143.05,0.0,715.25,543.0,172.25
ORD0591,2025-07-29,Printer,Office Equipment,North,2,183.44,0.0,366.88,235.77,131.11
ORD0190,2025-07-29,Office Chair,Furniture,South,1,241.36,0.0,241.36,169.96,71.4
ORD0342,2025-07-30,Printer,Office Equipment,West,4,357.45,0.1,1286.82,885.54,401.28
ORD0332,2025-08-01,Smartphone,Electronics,West,7,667.13,0.1,4202.92,2452.78,1750.14
ORD0509,2025-08-01,Headphones,Electronics,Central,2,89.16,0.0,178.32,111.69,66.63
ORD0628,2025-08-02,Mouse,Accessories,Central,2,16.45,0.0,32.9,24.54,8.36
ORD0674,2025-08-03,Monitor,Electronics,Central,1,343.11,0.0,343.11,224.4,118.71
ORD0011,2025-08-05,Printer,Office Equipment,West,5,216.6,0.0,1083.0,807.64,275.36
ORD0589,2025-08-06,Smartphone,Electronics,North,4,716.46,0.15,2435.96,1843.95,592.01
ORD0769,2025-08-07,Smartphone,Electronics,North,7,774.5,0.0,5421.5,3191.2,2230.3
ORD0024,2025-08-08,Headphones,Electronics,Central,1,179.67,0.0,179.67,139.3,40.37
ORD0234,2025-08-08,Printer,Office Equipment,South,6,218.16,0.05,1243.51,747.75,495.76
ORD0277,2025-08-09,Mouse,Accessories,West,4,69.81,0.1,251.32,176.69,74.63
ORD0163,2025-08-11,Office Chair,Furniture,West,3,330.34,0.15,842.37,647.66,194.71
ORD0118,2025-08-13,Mouse,Accessories,South,1,55.36,0.05,52.59,32.94,19.65
ORD0434,2025-08-13,Keyboard,Accessories,North,4,105.47,0.0,421.88,320.51,101.37
ORD0205,2025-08-13,Office Chair,Furniture,North,2,291.71,0.15,495.91,294.81,201.1
ORD0294,2025-08-14,Mouse,Accessories,East,5,65.38,0.05,310.55,218.41,92.14
ORD0145,2025-08-14,Mouse,Accessories,Central,4,60.18,0.0,240.72,176.87,63.85
ORD0343,2025-08-14,Headphones,Electronics,East,3,165.69,0.05,472.22,303.55,168.67
ORD0587,2025-08-15,Headphones,Electronics,East,5,154.89,0.05,735.73,540.8,194.93
ORD0307,2025-08-15,Printer,Office Equipment,South,4,215.61,0.05,819.32,603.09,216.23
ORD0334,2025-08-15,Laptop,Electronics,West,6,787.47,0.0,4724.82,3109.62,1615.2
ORD0283,2025-08-15,Keyboard,Accessories,North,4,107.14,0.0,428.56,304.42,124.14
ORD0635,2025-08-16,Mouse,Accessories,West,4,40.57,0.0,162.28,104.98,57.3
ORD0397,2025-08-16,Printer,Office Equipment,East,4,326.39,0.05,1240.28,794.39,445.89
ORD0590,2025-08-16,Headphones,Electronics,West,2,101.06,0.05,192.01,132.22,59.79
ORD0122,2025-08-16,Office Chair,Furniture,Central,3,286.21,0.0,858.63,590.13,268.5
ORD0140,2025-08-17,Smartphone,Electronics,East,3,528.03,0.05,1504.89,974.95,529.94
ORD0687,2025-08-17,Monitor,Electronics,West,6,428.86,0.05,2444.5,1653.11,791.39
ORD0618,2025-08-18,Backpack,Bags,South,2,51.91,0.0,103.82,62.11,41.71
ORD0297,2025-08-21,Mouse,Accessories,South,3,50.94,0.0,152.82,115.51,37.31
ORD0186,2025-08-21,Keyboard,Accessories,North,7,43.35,0.0,303.45,195.81,107.64
ORD0423,2025-08-24,Backpack,Bags,North,3,63.9,0.0,191.7,125.32,66.38
ORD0200,2025-08-24,Smartphone,Electronics,West,7,514.84,0.0,3603.88,2180.48,1423.4
ORD0298,2025-08-24,Mouse,Accessories,East,6,38.71,0.1,209.03,151.69,57.34
ORD0626,2025-08-25,Smartphone,Electronics,North,7,523.29,0.15,3113.58,2289.28,824.3
ORD0147,2025-08-25,Backpack,Bags,North,1,66.21,0.05,62.9,45.81,17.09
ORD0050,2025-08-25,Smartphone,Electronics,Central,2,381.88,0.0,763.76,470.91,292.85
ORD0336,2025-08-26,Keyboard,Accessories,South,4,100.32,0.05,381.22,269.49,111.73
ORD0580,2025-08-26,Office Chair,Furniture,South,7,245.2,0.15,1458.94,1070.7,388.24
ORD0792,2025-08-26,Office Chair,Furniture,Central,4,198.76,0.0,795.04,610.07,184.97
ORD0565,2025-08-26,Keyboard,Accessories,East,6,38.03,0.05,216.77,147.64,69.13
ORD0082,2025-08-27,Laptop,Electronics,North,7,814.5,0.1,5131.35,3469.17,1662.18
ORD0081,2025-08-30,Monitor,Electronics,East,5,322.43,0.0,1612.15,1235.79,376.36
ORD0130,2025-09-01,Monitor,Electronics,North,5,230.62,0.1,1037.79,602.88,434.91
ORD0005,2025-09-01,Monitor,Electronics,North,6,149.9,0.05,854.43,560.93,293.5
ORD0386,2025-09-02,Monitor,Electronics,South,2,250.49,0.0,500.98,305.3,195.68
ORD0447,2025-09-02,Desk,Furniture,South,5,465.0,0.15,1976.25,1525.72,450.53
ORD0051,2025-09-04,Mouse,Accessories,East,5,54.8,0.05,260.3,182.82,77.48
ORD0605,2025-09-04,Printer,Office Equipment,West,1,109.53,0.1,98.58,61.91,36.67
ORD0340,2025-09-04,Mouse,Accessories,East,5,30.73,0.15,130.6,101.34,29.26
ORD0574,2025-09-04,Keyboard,Accessories,North,6,103.44,0.0,620.64,475.05,145.59
ORD0491,2025-09-05,Printer,Office Equipment,West,2,234.73,0.05,445.99,277.68,168.31
ORD0495,2025-09-05,Monitor,Electronics,West,7,389.69,0.05,2591.44,1730.24,861.2
ORD0702,2025-09-06,Office Chair,Furniture,South,1,198.02,0.0,198.02,128.13,69.89
ORD0322,2025-09-07,Desk,Furniture,East,6,144.84,0.05,825.59,484.39,341.2
ORD0371,2025-09-07,Office Chair,Furniture,Central,4,265.4,0.0,1061.6,768.26,293.34
ORD0598,2025-09-07,Smartphone,Electronics,West,6,517.2,0.0,3103.2,2223.23,879.97
ORD0593,2025-09-07,Headphones,Electronics,South,7,175.37,0.0,1227.59,835.13,392.46
ORD0167,2025-09-08,Mouse,Accessories,Central,6,36.22,0.05,206.45,160.63,45.82
ORD0010,2025-09-09,Backpack,Bags,North,6,86.82,0.0,520.92,361.56,159.36
ORD0080,2025-09-10,Headphones,Electronics,South,4,122.4,0.0,489.6,297.01,192.59
ORD0098,2025-09-10,Backpack,Bags,West,5,25.22,0.1,113.49,67.74,45.75
ORD0039,2025-09-10,Monitor,Electronics,Central,5,308.86,0.15,1312.66,781.12,531.54
ORD0253,2025-09-11,Smartphone,Electronics,North,3,377.57,0.0,1132.71,791.65,341.06
ORD0316,2025-09-11,Smartphone,Electronics,Central,5,788.81,0.0,3944.05,2839.91,1104.14
ORD0030,2025-09-11,Smartphone,Electronics,West,1,534.15,0.0,534.15,416.24,117.91
ORD0456,2025-09-13,Smartphone,Electronics,East,1,346.37,0.1,311.73,198.41,113.32
ORD0185,2025-09-15,Smartphone,Electronics,Central,3,375.74,0.15,958.14,555.94,402.2
ORD0111,2025-09-16,Mouse,Accessories,North,6,45.71,0.0,274.26,185.46,88.8
ORD0337,2025-09-16,Smartphone,Electronics,East,4,556.8,0.0,2227.2,1565.04,662.16
ORD0338,2025-09-17,Headphones,Electronics,East,6,55.4,0.0,332.4,205.04,127.36
ORD0318,2025-09-18,Backpack,Bags,West,5,64.25,0.05,305.19,203.57,101.62
ORD0510,2025-09-18,Monitor,Electronics,South,3,393.53,0.0,1180.59,807.9,372.69
ORD0493,2025-09-19,Keyboard,Accessories,North,3,115.97,0.0,347.91,260.22,87.69
ORD0630,2025-09-19,Laptop,Electronics,North,1,653.87,0.1,588.48,427.37,161.11
ORD0364,2025-09-19,Office Chair,Furniture,South,1,159.93,0.0,159.93,121.27,38.66
ORD0029,2025-09-20,Mouse,Accessories,West,1,18.58,0.15,15.79,11.93,3.86
ORD0137,2025-09-21,Keyboard,Accessories,Central,4,70.7,0.05,268.66,196.95,71.71
ORD0583,2025-09-22,Monitor,Electronics,West,6,448.81,0.1,2423.57,1771.02,652.55
ORD0584,2025-09-25,Office Chair,Furniture,North,6,327.89,0.0,1967.34,1503.98,463.36
ORD0609,2025-09-26,Smartphone,Electronics,North,7,326.78,0.05,2173.09,1591.52,581.57
ORD0047,2025-09-26,Desk,Furniture,South,4,276.31,0.05,1049.98,638.04,411.94
ORD0519,2025-09-26,Smartphone,Electronics,Central,5,491.5,0.15,2088.88,1425.57,663.31
ORD0795,2025-09-28,Smartphone,Electronics,East,3,341.02,0.1,920.75,632.62,288.13
ORD0579,2025-09-29,Smartphone,Electronics,South,3,574.47,0.0,1723.41,1265.85,457.56
ORD0063,2025-09-30,Smartphone,Electronics,North,7,662.98,0.1,4176.77,2508.67,1668.1
ORD0588,2025-09-30,Headphones,Electronics,East,1,83.17,0.0,83.17,48.93,34.24
ORD0585,2025-09-30,Mouse,Accessories,North,2,34.74,0.1,62.53,37.84,24.69
ORD0689,2025-10-01,Keyboard,Accessories,East,5,66.79,0.05,317.25,208.18,109.07
ORD0499,2025-10-02,Mouse,Accessories,West,2,33.59,0.0,67.18,50.85,16.33
ORD0560,2025-10-03,Laptop,Electronics,South,3,965.76,0.0,2897.28,1777.84,1119.44
ORD0665,2025-10-03,Monitor,Electronics,North,4,162.35,0.05,616.93,443.38,173.55
ORD0034,2025-10-04,Mouse,Accessories,West,5,25.01,0.1,112.55,70.62,41.93
ORD0248,2025-10-04,Laptop,Electronics,West,2,694.92,0.0,1389.84,983.45,406.39
ORD0378,2025-10-04,Desk,Furniture,East,7,250.4,0.1,1577.52,1120.76,456.76
ORD0751,2025-10-05,Monitor,Electronics,South,1,154.78,0.05,147.04,100.37,46.67
ORD0640,2025-10-05,Smartphone,Electronics,South,4,308.08,0.0,1232.32,876.52,355.8
ORD0388,2025-10-05,Laptop,Electronics,West,3,1034.45,0.0,3103.35,2039.22,1064.13
ORD0038,2025-10-07,Keyboard,Accessories,Central,6,111.91,0.0,671.46,391.52,279.94
ORD0391,2025-10-07,Smartphone,Electronics,Central,3,556.74,0.0,1670.22,1162.63,507.59
ORD0352,2025-10-08,Monitor,Electronics,South,6,245.53,0.15,1252.2,754.0,498.2
ORD0595,2025-10-09,Office Chair,Furniture,South,1,91.79,0.0,91.79,65.42,26.37
ORD0789,2025-10-09,Monitor,Electronics,Central,6,218.89,0.15,1116.34,767.07,349.27
ORD0489,2025-10-10,Laptop,Electronics,South,2,756.96,0.0,1513.92,1170.26,343.66
ORD0224,2025-10-11,Monitor,Electronics,North,3,433.03,0.0,1299.09,846.81,452.28
ORD0636,2025-10-12,Smartphone,Electronics,West,2,364.72,0.0,729.44,555.95,173.49
ORD0143,2025-10-12,Laptop,Electronics,West,7,989.25,0.0,6924.75,5230.19,1694.56
ORD0653,2025-10-12,Office Chair,Furniture,West,6,166.94,0.05,951.56,735.61,215.95
ORD0760,2025-10-13,Smartphone,Electronics,Central,7,351.71,0.0,2461.97,1458.19,1003.78
ORD0616,2025-10-14,Backpack,Bags,East,4,60.63,0.0,242.52,183.31,59.21
ORD0346,2025-10-16,Monitor,Electronics,West,6,363.56,0.1,1963.22,1469.96,493.26
ORD0013,2025-10-16,Smartphone,Electronics,East,7,698.5,0.1,4400.55,3193.93,1206.62
ORD0513,2025-10-16,Office Chair,Furniture,North,5,276.87,0.1,1245.92,850.95,394.97
ORD0327,2025-10-16,Laptop,Electronics,North,5,740.13,0.0,3700.65,2775.94,924.71
ORD0482,2025-10-16,Mouse,Accessories,Central,5,16.18,0.0,80.9,53.09,27.81
ORD0381,2025-10-17,Mouse,Accessories,West,2,33.46,0.0,66.92,44.07,22.85
ORD0407,2025-10-17,Monitor,Electronics,Central,6,221.03,0.05,1259.87,889.99,369.88
ORD0681,2025-10-19,Smartphone,Electronics,South,7,577.38,0.1,3637.49,2529.5,1107.99
ORD0404,2025-10-19,Mouse,Accessories,North,1,17.21,0.0,17.21,10.13,7.08
ORD0219,2025-10-20,Backpack,Bags,Central,7,78.77,0.0,551.39,376.34,175.05
ORD0695,2025-10-21,Smartphone,Electronics,Central,4,384.29,0.05,1460.3,959.45,500.85
ORD0117,2025-10-22,Backpack,Bags,East,1,99.56,0.0,99.56,74.0,25.56
ORD0555,2025-10-23,Office Chair,Furniture,South,4,182.28,0.0,729.12,427.52,301.6
ORD0561,2025-10-23,Headphones,Electronics,West,2,45.85,0.0,91.7,62.9,28.8
ORD0646,2025-10-23,Desk,Furniture,South,2,448.91,0.0,897.82,543.35,354.47
ORD0758,2025-10-25,Laptop,Electronics,East,5,863.86,0.1,3887.37,2508.04,1379.33
ORD0534,2025-10-27,Smartphone,Electronics,East,5,368.2,0.0,1841.0,1402.05,438.95
ORD0109,2025-10-27,Desk,Furniture,Central,2,331.57,0.05,629.98,400.66,229.32
ORD0360,2025-10-28,Laptop,Electronics,West,3,981.71,0.1,2650.62,1840.47,810.15
ORD0317,2025-10-29,Mouse,Accessories,South,3,29.33,0.15,74.79,47.26,27.53
ORD0366,2025-10-29,Monitor,Electronics,North,4,188.31,0.05,715.58,415.82,299.76
ORD0349,2025-10-29,Keyboard,Accessories,West,6,59.24,0.0,355.44,260.41,95.03
ORD0313,2025-10-30,Monitor,Electronics,East,2,242.57,0.0,485.14,359.14,126.0
ORD0222,2025-10-30,Mouse,Accessories,East,7,46.13,0.05,306.76,202.26,104.5
ORD0260,2025-10-30,Laptop,Electronics,North,4,685.51,0.15,2330.73,1647.81,682.92
ORD0506,2025-10-30,Smartphone,Electronics,West,5,682.59,0.15,2901.01,2115.87,785.14
ORD0649,2025-10-30,Keyboard,Accessories,Central,2,47.17,0.05,89.62,65.37,24.25
ORD0195,2025-10-30,Headphones,Electronics,Central,1,174.67,0.0,174.67,126.85,47.82
ORD0683,2025-10-31,Smartphone,Electronics,South,7,728.47,0.0,5099.29,3584.19,1515.1
ORD0076,2025-11-01,Laptop,Electronics,North,3,928.16,0.0,2784.48,1707.56,1076.92
ORD0089,2025-11-02,Mouse,Accessories,South,2,58.69,0.15,99.77,70.18,29.59
ORD0679,2025-11-02,Printer,Office Equipment,East,1,154.16,0.0,154.16,105.61,48.55
ORD0644,2025-11-02,Monitor,Electronics,West,1,162.63,0.0,162.63,113.94,48.69
ORD0705,2025-11-05,Laptop,Electronics,South,2,901.1,0.05,1712.09,1281.93,430.16
ORD0212,2025-11-05,Mouse,Accessories,East,3,68.6,0.0,205.8,126.86,78.94
ORD0002,2025-11-05,Laptop,Electronics,South,3,996.47,0.05,2839.94,2049.34,790.6
ORD0173,2025-11-06,Backpack,Bags,Central,2,39.2,0.15,66.64,41.74,24.9
ORD0508,2025-11-07,Keyboard,Accessories,Central,5,95.54,0.0,477.7,360.44,117.26
ORD0507,2025-11-08,Monitor,Electronics,South,4,215.43,0.0,861.72,542.88,318.84
ORD0246,2025-11-08,Keyboard,Accessories,North,7,89.71,0.0,627.97,430.18,197.79
ORD0139,2025-11-09,Laptop,Electronics,East,4,985.92,0.1,3549.31,2348.21,1201.1
ORD0319,2025-11-09,Smartphone,Electronics,West,4,277.41,0.15,943.19,718.6,224.59
ORD0498,2025-11-10,Laptop,Electronics,North,2,675.01,0.05,1282.52,931.81,350.71
ORD0078,2025-11-12,Smartphone,Electronics,South,5,402.56,0.0,2012.8,1354.09,658.71
ORD0006,2025-11-12,Laptop,Electronics,South,3,922.12,0.05,2628.04,1531.24,1096.8
ORD0624,2025-11-12,Monitor,Electronics,West,7,207.76,0.15,1236.17,723.35,512.82
ORD0207,2025-11-13,Mouse,Accessories,East,2,59.64,0.0,119.28,85.18,34.1
ORD0367,2025-11-14,Smartphone,Electronics,South,3,714.16,0.0,2142.48,1440.97,701.51
ORD0135,2025-11-14,Headphones,Electronics,Central,5,92.61,0.0,463.05,342.64,120.41
ORD0535,2025-11-14,Smartphone,Electronics,North,1,571.57,0.0,571.57,382.25,189.32
ORD0202,2025-11-16,Mouse,Accessories,South,3,69.09,0.0,207.27,139.48,67.79
ORD0450,2025-11-18,Headphones,Electronics,East,4,68.16,0.05,259.01,161.73,97.28
ORD0040,2025-11-19,Smartphone,Electronics,South,1,424.31,0.0,424.31,293.35,130.96
ORD0526,2025-11-19,Keyboard,Accessories,East,6,66.18,0.15,337.52,233.5,104.02
ORD0372,2025-11-20,Laptop,Electronics,North,3,650.84,0.1,1757.27,1310.78,446.49
ORD0170,2025-11-20,Office Chair,Furniture,South,6,90.87,0.05,517.96,331.18,186.78
ORD0055,2025-11-21,Headphones,Electronics,Central,2,125.75,0.05,238.92,179.5,59.42
ORD0383,2025-11-21,Monitor,Electronics,South,3,232.4,0.0,697.2,461.49,235.71
ORD0187,2025-11-22,Smartphone,Electronics,East,2,598.7,0.05,1137.53,837.19,300.34
ORD0697,2025-11-23,Keyboard,Accessories,South,5,119.49,0.0,597.45,377.36,220.09
ORD0452,2025-11-23,Headphones,Electronics,North,7,168.33,0.15,1001.56,589.9,411.66
ORD0291,2025-11-25,Laptop,Electronics,South,4,1009.56,0.1,3634.42,2273.58,1360.84
ORD0077,2025-11-26,Mouse,Accessories,West,6,34.28,0.1,185.11,141.25,43.86
ORD0735,2025-11-27,Printer,Office Equipment,South,5,198.45,0.0,992.25,708.34,283.91
ORD0370,2025-11-28,Monitor,Electronics,Central,7,210.66,0.0,1474.62,979.69,494.93
ORD0178,2025-11-28,Monitor,Electronics,South,3,210.08,0.05,598.73,352.58,246.15
ORD0770,2025-11-30,Office Chair,Furniture,Central,2,288.51,0.0,577.02,447.91,129.11
ORD0356,2025-11-30,Laptop,Electronics,North,4,770.51,0.05,2927.94,1872.26,1055.68
ORD0188,2025-12-01,Office Chair,Furniture,Central,2,202.38,0.1,364.28,239.85,124.43
ORD0743,2025-12-01,Headphones,Electronics,East,4,51.33,0.0,205.32,155.48,49.84
ORD0162,2025-12-01,Mouse,Accessories,Central,1,22.47,0.05,21.35,16.29,5.06
ORD0522,2025-12-02,Office Chair,Furniture,North,1,229.27,0.1,206.34,153.57,52.77
ORD0309,2025-12-02,Monitor,Electronics,South,1,314.11,0.05,298.4,211.41,86.99
ORD0650,2025-12-02,Mouse,Accessories,South,5,47.15,0.1,212.18,124.97,87.21
ORD0577,2025-12-03,Laptop,Electronics,West,7,890.11,0.0,6230.77,4083.06,2147.71
ORD0778,2025-12-03,Laptop,Electronics,North,5,989.57,0.0,4947.85,3112.74,1835.11
ORD0033,2025-12-04,Mouse,Accessories,South,6,66.53,0.15,339.3,216.06,123.24
ORD0028,2025-12-04,Keyboard,Accessories,North,3,58.12,0.0,174.36,133.93,40.43
ORD0767,2025-12-06,Office Chair,Furniture,North,2,170.68,0.05,324.29,239.74,84.55
ORD0586,2025-12-08,Smartphone,Electronics,South,5,721.07,0.1,3244.82,2483.82,761.0
ORD0150,2025-12-08,Headphones,Electronics,Central,1,93.76,0.05,89.07,64.49,24.58
ORD0241,2025-12-09,Monitor,Electronics,South,5,201.2,0.05,955.7,629.68,326.02
ORD0662,2025-12-10,Headphones,Electronics,East,7,104.61,0.0,732.27,436.59,295.68
ORD0717,2025-12-10,Smartphone,Electronics,Central,3,283.5,0.0,850.5,614.81,235.69
ORD0330,2025-12-10,Mouse,Accessories,West,2,62.0,0.05,117.8,85.98,31.82
ORD0274,2025-12-11,Mouse,Accessories,South,3,34.41,0.05,98.07,60.64,37.43
ORD0096,2025-12-12,Headphones,Electronics,South,6,47.86,0.0,287.16,193.02,94.14
ORD0713,2025-12-13,Desk,Furniture,North,3,254.84,0.1,688.07,476.68,211.39
ORD0362,2025-12-14,Mouse,Accessories,West,4,57.75,0.05,219.45,156.97,62.48
ORD0575,2025-12-15,Desk,Furniture,Central,3,476.78,0.1,1287.31,833.53,453.78
ORD0115,2025-12-15,Smartphone,Electronics,East,3,759.55,0.1,2050.78,1209.18,841.6
ORD0312,2025-12-16,Office Chair,Furniture,North,7,304.53,0.05,2025.12,1325.83,699.29
ORD0376,2025-12-16,Smartphone,Electronics,South,6,316.31,0.15,1613.18,957.08,656.1
ORD0559,2025-12-16,Headphones,Electronics,Central,5,176.42,0.1,793.89,595.82,198.07
ORD0711,2025-12-18,Monitor,Electronics,Central,6,237.29,0.05,1352.55,915.35,437.2
ORD0290,2025-12-18,Mouse,Accessories,South,4,32.58,0.0,130.32,89.91,40.41
ORD0214,2025-12-19,Laptop,Electronics,West,3,922.09,0.0,2766.27,1621.4,1144.87
ORD0182,2025-12-19,Backpack,Bags,East,1,99.68,0.1,89.71,63.85,25.86
ORD0259,2025-12-20,Headphones,Electronics,West,6,42.59,0.0,255.54,166.76,88.78
ORD0517,2025-12-20,Monitor,Electronics,East,3,344.06,0.0,1032.18,754.23,277.95
ORD0614,2025-12-21,Desk,Furniture,West,5,286.51,0.1,1289.3,995.92,293.38
ORD0545,2025-12-21,Office Chair,Furniture,East,4,100.12,0.1,360.43,253.71,106.72
ORD0149,2025-12-22,Mouse,Accessories,North,5,13.07,0.15,55.55,33.53,22.02
ORD0183,2025-12-22,Backpack,Bags,East,1,53.39,0.0,53.39,40.9,12.49
ORD0655,2025-12-22,Monitor,Electronics,North,6,355.86,0.0,2135.16,1462.79,672.37
ORD0377,2025-12-23,Laptop,Electronics,Central,6,863.0,0.0,5178.0,3090.64,2087.36
ORD0177,2025-12-23,Desk,Furniture,South,6,356.72,0.1,1926.29,1130.68,795.61
ORD0021,2025-12-25,Headphones,Electronics,East,3,96.93,0.1,261.71,196.84,64.87
ORD0169,2025-12-25,Keyboard,Accessories,West,4,118.49,0.1,426.56,283.05,143.51
ORD0134,2025-12-26,Printer,Office Equipment,North,1,267.19,0.1,240.47,165.21,75.26
ORD0073,2025-12-27,Monitor,Electronics,North,6,138.58,0.0,831.48,501.8,329.68
ORD0223,2025-12-27,Backpack,Bags,North,6,39.43,0.05,224.75,145.5,79.25
ORD0744,2025-12-27,Mouse,Accessories,South,4,25.52,0.05,96.98,68.46,28.52
ORD0302,2025-12-28,Laptop,Electronics,South,4,904.52,0.1,3256.27,1992.88,1263.39
ORD0100,2025-12-29,Office Chair,Furniture,West,6,128.41,0.0,770.46,552.75,217.71
ORD0797,2025-12-30,Mouse,Accessories,South,3,29.76,0.0,89.28,64.21,25.07
ORD0399,2025-12-31,Backpack,Bags,East,3,59.64,0.1,161.03,118.02,43.01
ORD0497,2026-01-01,Desk,Furniture,Central,7,400.71,0.0,2804.97,1766.22,1038.75
ORD0558,2026-01-01,Smartphone,Electronics,West,1,592.45,0.15,503.58,338.91,164.67
ORD0777,2026-01-01,Mouse,Accessories,North,3,17.05,0.0,51.15,35.25,15.9
ORD0670,2026-01-04,Printer,Office Equipment,South,2,249.44,0.05,473.94,298.8,175.14
ORD0698,2026-01-04,Smartphone,Electronics,North,1,605.06,0.0,605.06,465.41,139.65
ORD0208,2026-01-05,Backpack,Bags,West,1,104.58,0.0,104.58,71.98,32.6
ORD0704,2026-01-05,Smartphone,Electronics,West,4,348.47,0.1,1254.49,897.6,356.89
ORD0136,2026-01-06,Mouse,Accessories,South,5,39.38,0.05,187.06,110.95,76.11
ORD0217,2026-01-06,Office Chair,Furniture,South,4,317.09,0.15,1078.11,716.24,361.87
ORD0129,2026-01-06,Desk,Furniture,Central,6,438.25,0.0,2629.5,1688.9,940.6
ORD0793,2026-01-08,Backpack,Bags,East,6,34.19,0.1,184.63,129.76,54.87
ORD0433,2026-01-08,Office Chair,Furniture,West,2,148.05,0.05,281.3,195.26,86.04
ORD0022,2026-01-09,Monitor,Electronics,North,5,348.5,0.0,1742.5,1095.73,646.77
ORD0160,2026-01-09,Keyboard,Accessories,North,3,94.56,0.1,255.31,181.72,73.59
ORD0230,2026-01-10,Keyboard,Accessories,South,7,27.85,0.0,194.95,140.55,54.4
ORD0354,2026-01-10,Desk,Furniture,North,4,493.08,0.05,1873.7,1296.29,577.41
ORD0478,2026-01-10,Backpack,Bags,East,3,67.63,0.0,202.89,130.37,72.52
ORD0671,2026-01-11,Smartphone,Electronics,East,3,695.46,0.05,1982.06,1439.06,543.0
ORD0621,2026-01-11,Desk,Furniture,East,2,315.36,0.0,630.72,438.1,192.62
ORD0060,2026-01-11,Headphones,Electronics,West,4,135.47,0.0,541.88,415.8,126.08
ORD0105,2026-01-12,Monitor,Electronics,North,2,320.49,0.0,640.98,435.64,205.34
ORD0375,2026-01-12,Monitor,Electronics,West,3,317.57,0.05,905.07,550.08,354.99
ORD0690,2026-01-13,Smartphone,Electronics,East,2,460.77,0.0,921.54,616.06,305.48
ORD0199,2026-01-13,Office Chair,Furniture,East,3,297.17,0.0,891.51,679.66,211.85
ORD0127,2026-01-13,Keyboard,Accessories,North,4,100.06,0.0,400.24,284.28,115.96
ORD0116,2026-01-14,Desk,Furniture,South,6,423.82,0.1,2288.63,1412.73,875.9
ORD0389,2026-01-14,Printer,Office Equipment,East,1,266.11,0.05,252.8,185.15,67.65
ORD0521,2026-01-15,Laptop,Electronics,North,5,813.25,0.1,3659.62,2284.99,1374.63
ORD0172,2026-01-15,Monitor,Electronics,East,4,192.02,0.15,652.87,481.34,171.53
ORD0138,2026-01-15,Laptop,Electronics,North,3,799.32,0.0,2397.96,1699.67,698.29
ORD0056,2026-01-15,Smartphone,Electronics,North,7,769.34,0.1,4846.84,3428.08,1418.76
ORD0191,2026-01-16,Printer,Office Equipment,West,7,390.66,0.1,2461.16,1491.51,969.65
ORD0722,2026-01-16,Laptop,Electronics,North,2,959.07,0.1,1726.33,1201.17,525.16
ORD0258,2026-01-16,Smartphone,Electronics,South,5,399.13,0.05,1895.87,1357.49,538.38
ORD0341,2026-01-17,Mouse,Accessories,Central,3,42.59,0.1,114.99,87.17,27.82
ORD0390,2026-01-18,Headphones,Electronics,West,2,72.6,0.0,145.2,85.89,59.31
ORD0685,2026-01-18,Desk,Furniture,South,2,236.65,0.0,473.3,338.74,134.56
ORD0209,2026-01-18,Backpack,Bags,East,2,78.15,0.1,140.67,98.81,41.86
ORD0406,2026-01-19,Office Chair,Furniture,West,4,272.01,0.0,1088.04,717.91,370.13
ORD0247,2026-01-20,Keyboard,Accessories,West,2,112.19,0.0,224.38,134.05,90.33
ORD0505,2026-01-20,Smartphone,Electronics,Central,1,670.44,0.0,670.44,476.71,193.73
ORD0023,2026-01-21,Monitor,Electronics,East,6,440.69,0.15,2247.52,1416.74,830.78
ORD0144,2026-01-21,Office Chair,Furniture,East,1,302.54,0.0,302.54,191.17,111.37
ORD0429,2026-01-22,Backpack,Bags,North,2,26.64,0.0,53.28,35.31,17.97
ORD0008,2026-01-23,Keyboard,Accessories,South,7,41.47,0.0,290.29,178.95,111.34
ORD0723,2026-01-23,Mouse,Accessories,North,4,49.66,0.05,188.71,139.59,49.12
ORD0749,2026-01-25,Smartphone,Electronics,North,2,275.33,0.15,468.06,333.33,134.73
ORD0571,2026-01-25,Monitor,Electronics,East,6,418.09,0.1,2257.69,1678.75,578.94
ORD0331,2026-01-26,Headphones,Electronics,Central,3,42.53,0.1,114.83,71.23,43.6
ORD0125,2026-01-31,Headphones,Electronics,South,6,93.12,0.05,530.78,408.41,122.37
ORD0064,2026-01-31,Keyboard,Accessories,Central,1,55.4,0.1,49.86,32.8,17.06
ORD0657,2026-01-31,Headphones,Electronics,North,3,169.02,0.0,507.06,307.05,200.01
ORD0193,2026-02-01,Laptop,Electronics,North,2,759.45,0.15,1291.06,858.86,432.2
ORD0323,2026-02-03,Smartphone,Electronics,South,4,423.35,0.1,1524.06,910.3,613.76
ORD0171,2026-02-03,Smartphone,Electronics,North,1,402.5,0.15,342.12,201.52,140.6
ORD0612,2026-02-03,Printer,Office Equipment,East,1,378.43,0.1,340.59,212.8,127.79
ORD0634,2026-02-04,Laptop,Electronics,South,4,830.02,0.0,3320.08,2503.8,816.28
ORD0315,2026-02-04,Mouse,Accessories,Central,7,60.71,0.0,424.97,295.09,129.88
ORD0261,2026-02-04,Smartphone,Electronics,West,2,303.17,0.05,576.02,421.2,154.82
ORD0321,2026-02-04,Laptop,Electronics,South,6,754.68,0.0,4528.08,3447.01,1081.07
ORD0276,2026-02-04,Smartphone,Electronics,West,1,680.48,0.0,680.48,418.87,261.61
ORD0658,2026-02-05,Mouse,Accessories,North,6,19.39,0.0,116.34,86.4,29.94
ORD0088,2026-02-05,Keyboard,Accessories,Central,4,102.56,0.15,348.7,208.41,140.29
ORD0488,2026-02-07,Laptop,Electronics,West,6,677.33,0.0,4063.98,2922.65,1141.33
ORD0027,2026-02-07,Desk,Furniture,South,1,177.27,0.05,168.41,121.11,47.3
ORD0552,2026-02-08,Laptop,Electronics,South,2,917.1,0.1,1650.78,1013.49,637.29
ORD0128,2026-02-09,Monitor,Electronics,South,5,154.4,0.1,694.8,529.53,165.27
ORD0263,2026-02-10,Office Chair,Furniture,South,4,153.35,0.05,582.73,348.81,233.92
ORD0361,2026-02-10,Backpack,Bags,Central,6,90.78,0.05,517.45,392.49,124.96
ORD0610,2026-02-11,Headphones,Electronics,North,3,37.43,0.05,106.68,63.51,43.17
ORD0300,2026-02-11,Smartphone,Electronics,West,7,300.53,0.15,1788.15,1211.79,576.36
ORD0785,2026-02-12,Monitor,Electronics,Central,4,381.12,0.05,1448.26,938.25,510.01
ORD0042,2026-02-12,Smartphone,Electronics,Central,6,447.72,0.0,2686.32,1992.91,693.41
ORD0320,2026-02-12,Office Chair,Furniture,West,6,148.56,0.0,891.36,588.09,303.27
ORD0529,2026-02-13,Monitor,Electronics,West,7,385.48,0.1,2428.52,1674.91,753.61
ORD0413,2026-02-16,Mouse,Accessories,West,6,16.16,0.05,92.11,57.88,34.23
ORD0490,2026-02-17,Monitor,Electronics,West,6,223.26,0.0,1339.56,937.07,402.49
ORD0676,2026-02-18,Laptop,Electronics,West,6,714.77,0.05,4074.19,3176.03,898.16
ORD0642,2026-02-19,Printer,Office Equipment,East,6,205.54,0.1,1109.92,756.32,353.6
ORD0742,2026-02-19,Printer,Office Equipment,North,3,351.66,0.05,1002.23,721.01,281.22
ORD0693,2026-02-20,Monitor,Electronics,Central,3,326.46,0.05,930.41,574.03,356.38
ORD0025,2026-02-20,Headphones,Electronics,West,1,69.74,0.0,69.74,47.28,22.46
ORD0582,2026-02-21,Mouse,Accessories,North,4,41.57,0.05,157.97,93.21,64.76
ORD0471,2026-02-22,Desk,Furniture,East,7,383.95,0.1,2418.89,1819.82,599.07
ORD0059,2026-02-22,Mouse,Accessories,East,1,50.03,0.0,50.03,35.84,14.19
ORD0266,2026-02-23,Desk,Furniture,East,6,289.94,0.05,1652.66,1128.99,523.67
ORD0113,2026-02-23,Laptop,Electronics,North,7,922.6,0.1,5812.38,4063.6,1748.78
ORD0252,2026-02-23,Backpack,Bags,West,7,70.51,0.0,493.57,317.1,176.47
ORD0216,2026-02-24,Monitor,Electronics,South,4,286.6,0.05,1089.08,743.62,345.46
ORD0120,2026-02-24,Smartphone,Electronics,Central,7,733.25,0.05,4876.11,3551.23,1324.88
ORD0502,2026-02-24,Monitor,Electronics,South,2,201.97,0.1,363.55,241.95,121.6
ORD0032,2026-02-24,Backpack,Bags,West,6,91.29,0.05,520.35,310.56,209.79
ORD0699,2026-02-24,Printer,Office Equipment,North,1,138.08,0.0,138.08,94.41,43.67
ORD0419,2026-02-25,Backpack,Bags,North,3,61.87,0.15,157.77,103.41,54.36
ORD0672,2026-02-25,Backpack,Bags,Central,4,41.14,0.1,148.1,102.38,45.72
ORD0796,2026-02-26,Smartphone,Electronics,South,1,534.94,0.1,481.45,359.79,121.66
ORD0280,2026-02-27,Smartphone,Electronics,Central,5,260.56,0.0,1302.8,953.73,349.07
ORD0365,2026-02-28,Backpack,Bags,East,3,48.53,0.15,123.75,79.98,43.77
ORD0104,2026-03-01,Keyboard,Accessories,Central,2,77.99,0.05,148.18,102.67,45.51
ORD0353,2026-03-02,Printer,Office Equipment,East,6,357.5,0.0,2145.0,1634.82,510.18
ORD0324,2026-03-02,Office Chair,Furniture,South,3,340.48,0.05,970.37,744.63,225.74
ORD0680,2026-03-03,Headphones,Electronics,South,1,58.57,0.05,55.64,32.7,22.94
ORD0448,2026-03-03,Printer,Office Equipment,North,5,356.27,0.1,1603.22,1029.27,573.95
ORD0477,2026-03-04,Monitor,Electronics,South,3,410.18,0.1,1107.49,792.33,315.16
ORD0703,2026-03-05,Laptop,Electronics,Central,2,889.74,0.1,1601.53,1029.9,571.63
ORD0523,2026-03-05,Keyboard,Accessories,East,3,52.12,0.05,148.54,101.32,47.22
ORD0608,2026-03-05,Headphones,Electronics,East,2,57.63,0.1,103.73,67.6,36.13
ORD0385,2026-03-06,Smartphone,Electronics,East,3,542.55,0.0,1627.65,976.36,651.29
ORD0053,2026-03-08,Headphones,Electronics,Central,6,137.03,0.05,781.07,468.3,312.77
ORD0597,2026-03-09,Monitor,Electronics,West,2,180.93,0.0,361.86,241.0,120.86
ORD0461,2026-03-09,Office Chair,Furniture,Central,5,290.49,0.05,1379.83,842.14,537.69
ORD0518,2026-03-09,Keyboard,Accessories,Central,1,84.98,0.05,80.73,48.69,32.04
ORD0729,2026-03-10,Printer,Office Equipment,West,6,212.18,0.1,1145.77,699.23,446.54
ORD0384,2026-03-10,Desk,Furniture,Central,4,332.68,0.0,1330.72,816.36,514.36
ORD0652,2026-03-11,Laptop,Electronics,West,2,986.81,0.05,1874.94,1379.0,495.94
ORD0296,2026-03-11,Mouse,Accessories,North,6,27.88,0.15,142.19,101.69,40.5
ORD0289,2026-03-12,Printer,Office Equipment,East,5,216.28,0.05,1027.33,799.59,227.74
ORD0537,2026-03-13,Keyboard,Accessories,West,4,69.0,0.0,276.0,196.22,79.78
ORD0604,2026-03-14,Backpack,Bags,West,5,73.28,0.0,366.4,281.27,85.13
ORD0554,2026-03-14,Mouse,Accessories,South,2,35.31,0.0,70.62,49.05,21.57
ORD0087,2026-03-14,Mouse,Accessories,East,2,32.77,0.0,65.54,46.82,18.72
ORD0487,2026-03-15,Office Chair,Furniture,East,2,164.74,0.05,313.01,242.18,70.83
ORD0570,2026-03-15,Keyboard,Accessories,West,3,87.52,0.0,262.56,194.28,68.28
ORD0720,2026-03-15,Headphones,Electronics,South,2,61.21,0.0,122.42,75.87,46.55
ORD0762,2026-03-16,Headphones,Electronics,East,1,80.62,0.05,76.59,57.36,19.23
ORD0706,2026-03-16,Backpack,Bags,East,6,87.07,0.05,496.3,350.46,145.84
ORD0786,2026-03-18,Office Chair,Furniture,Central,1,103.33,0.0,103.33,73.86,29.47
ORD0794,2026-03-19,Smartphone,Electronics,Central,3,437.0,0.1,1179.9,705.14,474.76
ORD0709,2026-03-20,Mouse,Accessories,Central,4,69.8,0.0,279.2,199.65,79.55
ORD0071,2026-03-21,Printer,Office Equipment,West,1,277.57,0.0,277.57,200.3,77.27
ORD0326,2026-03-21,Smartphone,Electronics,North,1,505.16,0.15,429.39,301.31,128.08
ORD0106,2026-03-22,Laptop,Electronics,North,5,711.14,0.0,3555.7,2176.57,1379.13
ORD0086,2026-03-22,Headphones,Electronics,North,6,64.73,0.0,388.38,246.6,141.78
ORD0800,2026-03-23,Smartphone,Electronics,North,2,575.44,0.0,1150.88,820.97,329.91
ORD0333,2026-03-23,Backpack,Bags,South,3,105.46,0.05,300.56,219.45,81.11
ORD0611,2026-03-24,Mouse,Accessories,South,7,39.58,0.0,277.06,169.63,107.43
ORD0287,2026-03-25,Mouse,Accessories,Central,4,38.14,0.1,137.3,82.54,54.76
ORD0265,2026-03-25,Headphones,Electronics,East,2,84.54,0.0,169.08,109.78,59.3
ORD0691,2026-03-26,Desk,Furniture,West,2,220.5,0.05,418.95,248.7,170.25
ORD0783,2026-03-26,Mouse,Accessories,North,6,67.77,0.0,406.62,275.61,131.01
ORD0092,2026-03-26,Keyboard,Accessories,Central,4,31.29,0.0,125.16,88.13,37.03
ORD0696,2026-03-27,Printer,Office Equipment,Central,3,214.84,0.1,580.07,353.3,226.77
ORD0573,2026-03-27,Office Chair,Furniture,West,3,126.72,0.05,361.15,222.85,138.3
ORD0421,2026-03-28,Office Chair,Furniture,North,5,137.53,0.0,687.65,416.66,270.99
ORD0622,2026-03-28,Keyboard,Accessories,North,2,25.61,0.15,43.54,33.66,9.88
ORD0418,2026-03-28,Smartphone,Electronics,West,1,321.46,0.05,305.39,230.05,75.34
ORD0442,2026-03-29,Printer,Office Equipment,South,3,328.33,0.0,984.99,758.26,226.73
ORD0347,2026-03-30,Office Chair,Furniture,North,2,174.53,0.05,331.61,196.95,134.66
ORD0236,2026-03-30,Smartphone,Electronics,South,2,472.28,0.0,944.56,673.96,270.6
ORD0151,2026-03-31,Headphones,Electronics,South,7,161.71,0.05,1075.37,752.87,322.5
ORD0007,2026-03-31,Monitor,Electronics,West,2,152.23,0.05,289.24,193.22,96.02
ORD0237,2026-03-31,Office Chair,Furniture,North,1,172.47,0.1,155.22,101.69,53.53
ORD0511,2026-04-02,Backpack,Bags,Central,4,97.99,0.1,352.76,235.59,117.17
ORD0085,2026-04-03,Keyboard,Accessories,East,5,119.68,0.05,568.48,417.15,151.33
ORD0543,2026-04-04,Backpack,Bags,East,5,64.6,0.05,306.85,196.63,110.22
ORD0441,2026-04-04,Mouse,Accessories,North,2,20.54,0.0,41.08,29.01,12.07
ORD0192,2026-04-04,Laptop,Electronics,South,3,978.61,0.0,2935.83,2183.54,752.29
ORD0788,2026-04-04,Office Chair,Furniture,South,5,188.93,0.0,944.65,648.29,296.36
ORD0003,2026-04-05,Office Chair,Furniture,South,6,145.21,0.0,871.26,537.29,333.97
ORD0126,2026-04-05,Mouse,Accessories,West,6,17.85,0.0,107.1,77.67,29.43
ORD0083,2026-04-06,Monitor,Electronics,North,2,245.69,0.15,417.67,312.59,105.08
ORD0015,2026-04-07,Office Chair,Furniture,East,6,320.68,0.05,1827.88,1103.89,723.99
ORD0739,2026-04-09,Mouse,Accessories,West,3,21.79,0.0,65.37,47.29,18.08
ORD0355,2026-04-10,Headphones,Electronics,North,7,100.23,0.0,701.61,423.81,277.8
ORD0398,2026-04-10,Smartphone,Electronics,East,7,462.6,0.05,3076.29,2087.16,989.13
ORD0712,2026-04-11,Mouse,Accessories,East,7,26.14,0.05,173.83,107.73,66.1
ORD0269,2026-04-11,Desk,Furniture,West,7,273.13,0.0,1911.91,1374.64,537.27
ORD0095,2026-04-11,Mouse,Accessories,West,2,46.91,0.0,93.82,69.84,23.98
ORD0299,2026-04-11,Headphones,Electronics,South,6,177.78,0.15,906.68,533.7,372.98
ORD0732,2026-04-12,Monitor,Electronics,West,1,226.83,0.1,204.15,124.25,79.9
ORD0731,2026-04-12,Headphones,Electronics,North,2,64.95,0.0,129.9,91.87,38.03
ORD0581,2026-04-12,Smartphone,Electronics,West,5,669.59,0.0,3347.95,2374.77,973.18
ORD0358,2026-04-14,Desk,Furniture,Central,6,283.09,0.0,1698.54,1253.24,445.3
ORD0035,2026-04-15,Monitor,Electronics,Central,7,357.91,0.0,2505.37,1724.97,780.4
ORD0243,2026-04-15,Printer,Office Equipment,East,4,378.11,0.0,1512.44,1159.87,352.57
ORD0414,2026-04-16,Headphones,Electronics,South,7,115.11,0.05,765.48,465.85,299.63
ORD0754,2026-04-17,Smartphone,Electronics,North,7,269.57,0.15,1603.94,1004.94,599.0
ORD0020,2026-04-18,Smartphone,Electronics,North,6,735.8,0.0,4414.8,2668.38,1746.42
ORD0238,2026-04-18,Headphones,Electronics,North,1,88.14,0.0,88.14,63.38,24.76
ORD0473,2026-04-19,Office Chair,Furniture,West,4,264.47,0.0,1057.88,729.79,328.09
ORD0485,2026-04-19,Smartphone,Electronics,West,2,312.32,0.0,624.64,454.47,170.17
ORD0631,2026-04-19,Desk,Furniture,East,7,214.19,0.05,1424.36,929.85,494.51
ORD0459,2026-04-20,Headphones,Electronics,West,3,121.1,0.0,363.3,256.93,106.37
ORD0084,2026-04-21,Keyboard,Accessories,North,3,37.72,0.0,113.16,67.34,45.82
ORD0004,2026-04-21,Keyboard,Accessories,West,4,27.19,0.05,103.32,68.19,35.13
ORD0746,2026-04-22,Monitor,Electronics,Central,4,294.1,0.0,1176.4,721.71,454.69
ORD0168,2026-04-22,Keyboard,Accessories,Central,3,31.65,0.0,94.95,56.07,38.88
ORD0483,2026-04-22,Desk,Furniture,West,7,360.27,0.0,2521.89,1673.69,848.2
ORD0763,2026-04-22,Mouse,Accessories,Central,3,30.92,0.0,92.76,67.92,24.84
ORD0542,2026-04-25,Laptop,Electronics,Central,3,1049.56,0.0,3148.68,2297.39,851.29
ORD0530,2026-04-25,Office Chair,Furniture,South,2,232.49,0.05,441.73,287.14,154.59
ORD0656,2026-04-25,Headphones,Electronics,Central,5,133.55,0.15,567.59,362.78,204.81
ORD0036,2026-04-26,Keyboard,Accessories,Central,3,66.27,0.0,198.81,140.96,57.85
ORD0288,2026-04-28,Laptop,Electronics,North,1,948.48,0.05,901.06,667.17,233.89
ORD0251,2026-04-28,Desk,Furniture,West,3,357.07,0.05,1017.65,709.63,308.02
ORD0303,2026-04-28,Laptop,Electronics,South,1,946.68,0.1,852.01,541.52,310.49
ORD0476,2026-04-28,Monitor,Electronics,East,5,357.09,0.1,1606.9,989.61,617.29
ORD0278,2026-04-28,Mouse,Accessories,East,6,36.71,0.0,220.26,166.81,53.45
ORD0708,2026-04-28,Laptop,Electronics,Central,6,673.85,0.05,3840.94,2335.28,1505.66
ORD0740,2026-04-29,Smartphone,Electronics,Central,3,710.04,0.05,2023.61,1250.27,773.34
ORD0726,2026-04-30,Backpack,Bags,Central,7,44.64,0.1,281.23,177.52,103.71
ORD0101,2026-04-30,Smartphone,Electronics,West,2,444.78,0.0,889.56,534.6,354.96
ORD0395,2026-05-02,Office Chair,Furniture,West,5,209.2,0.0,1046.0,762.71,283.29
ORD0728,2026-05-02,Keyboard,Accessories,Central,6,64.01,0.0,384.06,297.77,86.29
ORD0576,2026-05-02,Smartphone,Electronics,West,1,263.88,0.0,263.88,180.5,83.38
ORD0293,2026-05-03,Keyboard,Accessories,South,6,110.1,0.0,660.6,399.69,260.91
ORD0474,2026-05-03,Desk,Furniture,South,4,266.05,0.0,1064.2,795.81,268.39
ORD0435,2026-05-04,Headphones,Electronics,Central,5,92.71,0.0,463.55,274.95,188.6
ORD0566,2026-05-05,Laptop,Electronics,North,4,845.13,0.0,3380.52,2271.43,1109.09
ORD0532,2026-05-05,Headphones,Electronics,Central,6,143.75,0.15,733.12,536.46,196.66
ORD0155,2026-05-06,Keyboard,Accessories,North,2,27.96,0.0,55.92,39.09,16.83
ORD0718,2026-05-06,Headphones,Electronics,South,1,63.46,0.0,63.46,47.74,15.72
ORD0068,2026-05-07,Backpack,Bags,North,3,85.0,0.15,216.75,155.54,61.21
ORD0500,2026-05-09,Printer,Office Equipment,South,5,336.03,0.0,1680.15,1147.08,533.07
ORD0369,2026-05-09,Headphones,Electronics,East,7,118.34,0.0,828.38,592.36,236.02
ORD0159,2026-05-12,Headphones,Electronics,West,3,168.01,0.0,504.03,388.13,115.9
ORD0058,2026-05-14,Smartphone,Electronics,South,5,288.15,0.0,1440.75,840.89,599.86
ORD0733,2026-05-15,Monitor,Electronics,East,3,380.03,0.15,969.08,613.9,355.18
ORD0070,2026-05-15,Keyboard,Accessories,North,6,118.73,0.0,712.38,465.99,246.39
ORD0432,2026-05-16,Laptop,Electronics,North,7,972.86,0.0,6810.02,4311.54,2498.48
ORD0201,2026-05-16,Monitor,Electronics,Central,6,194.43,0.0,1166.58,828.63,337.95
ORD0132,2026-05-16,Laptop,Electronics,North,3,706.34,0.0,2119.02,1440.24,678.78
ORD0431,2026-05-17,Mouse,Accessories,Central,4,38.39,0.0,153.56,95.82,57.74
ORD0335,2026-05-19,Monitor,Electronics,West,3,245.54,0.1,662.96,512.4,150.56
ORD0220,2026-05-19,Laptop,Electronics,North,1,748.89,0.1,674.0,450.95,223.05
ORD0617,2026-05-19,Smartphone,Electronics,West,7,652.32,0.15,3881.3,2422.28,1459.02
ORD0540,2026-05-19,Laptop,Electronics,Central,2,963.51,0.0,1927.02,1195.16,731.86
ORD0108,2026-05-19,Keyboard,Accessories,East,3,107.22,0.1,289.49,182.84,106.65
ORD0468,2026-05-20,Headphones,Electronics,North,6,119.65,0.15,610.22,359.1,251.12
ORD0065,2026-05-21,Backpack,Bags,Central,4,55.17,0.15,187.58,134.19,53.39
ORD0174,2026-05-21,Desk,Furniture,East,6,207.65,0.0,1245.9,777.56,468.34
ORD0527,2026-05-22,Laptop,Electronics,West,6,799.01,0.0,4794.06,3134.91,1659.15
ORD0677,2026-05-22,Monitor,Electronics,Central,7,269.19,0.15,1601.68,929.03,672.65
ORD0661,2026-05-23,Printer,Office Equipment,East,3,369.64,0.05,1053.47,782.15,271.32
ORD0682,2026-05-23,Keyboard,Accessories,Central,3,78.76,0.15,200.84,132.41,68.43
ORD0462,2026-05-24,Headphones,Electronics,North,7,170.0,0.0,1190.0,820.31,369.69
ORD0264,2026-05-24,Desk,Furniture,West,1,351.22,0.05,333.66,204.15,129.51
ORD0550,2026-05-26,Smartphone,Electronics,North,3,342.05,0.05,974.84,700.11,274.73
ORD0464,2026-05-26,Monitor,Electronics,West,3,137.13,0.0,411.39,264.12,147.27
ORD0043,2026-05-27,Laptop,Electronics,West,7,850.61,0.1,5358.84,3804.74,1554.1
ORD0503,2026-05-27,Mouse,Accessories,East,5,57.47,0.0,287.35,195.4,91.95
ORD0329,2026-05-29,Mouse,Accessories,North,6,38.58,0.05,219.91,134.84,85.07
ORD0472,2026-05-30,Laptop,Electronics,North,1,788.14,0.0,788.14,611.36,176.78
ORD0771,2026-05-30,Headphones,Electronics,South,7,126.14,0.05,838.83,562.06,276.77
ORD0798,2026-05-31,Laptop,Electronics,South,2,690.55,0.1,1242.99,922.69,320.3
ORD0215,2026-05-31,Smartphone,Electronics,West,5,649.94,0.1,2924.73,1945.23,979.5
ORD0436,2026-05-31,Headphones,Electronics,South,4,103.64,0.0,414.56,296.13,118.43
ORD0348,2026-05-31,Mouse,Accessories,South,1,60.55,0.0,60.55,42.9,17.65
ORD0257,2026-06-01,Smartphone,Electronics,West,1,589.44,0.0,589.44,439.94,149.5
ORD0539,2026-06-01,Monitor,Electronics,West,1,273.12,0.0,273.12,181.09,92.03
ORD0734,2026-06-02,Backpack,Bags,South,7,103.73,0.1,653.5,481.64,171.86
ORD0678,2026-06-03,Monitor,Electronics,North,4,250.99,0.05,953.76,632.34,321.42
ORD0556,2026-06-03,Laptop,Electronics,Central,4,1002.39,0.1,3608.6,2568.63,1039.97
ORD0218,2026-06-04,Backpack,Bags,West,4,57.63,0.05,218.99,163.63,55.36
ORD0633,2026-06-04,Desk,Furniture,Central,1,204.28,0.0,204.28,129.08,75.2
ORD0393,2026-06-04,Headphones,Electronics,West,6,117.56,0.05,670.09,415.63,254.46
ORD0012,2026-06-05,Mouse,Accessories,North,5,20.17,0.1,90.77,54.0,36.77
ORD0444,2026-06-07,Backpack,Bags,West,4,96.71,0.15,328.81,242.87,85.94
ORD0158,2026-06-08,Desk,Furniture,East,5,120.89,0.15,513.78,298.53,215.25
ORD0018,2026-06-09,Backpack,Bags,East,7,76.38,0.05,507.93,315.23,192.7
ORD0568,2026-06-09,Printer,Office Equipment,North,1,358.66,0.0,358.66,246.62,112.04
ORD0428,2026-06-09,Desk,Furniture,Central,6,316.03,0.0,1896.18,1416.63,479.55
ORD0427,2026-06-09,Office Chair,Furniture,North,6,240.59,0.0,1443.54,849.67,593.87
ORD0196,2026-06-11,Mouse,Accessories,South,6,56.09,0.0,336.54,216.19,120.35
ORD0424,2026-06-12,Laptop,Electronics,North,1,724.41,0.05,688.19,456.38,231.81
ORD0466,2026-06-12,Headphones,Electronics,Central,1,88.79,0.15,75.47,55.95,19.52
ORD0780,2026-06-13,Keyboard,Accessories,North,2,94.24,0.0,188.48,131.91,56.57
ORD0368,2026-06-13,Headphones,Electronics,Central,6,75.28,0.1,406.51,258.91,147.6
ORD0131,2026-06-13,Backpack,Bags,East,6,54.44,0.0,326.64,237.63,89.01
ORD0520,2026-06-13,Office Chair,Furniture,East,3,143.12,0.05,407.89,270.78,137.11
ORD0567,2026-06-14,Office Chair,Furniture,East,5,198.84,0.05,944.49,684.76,259.73
ORD0553,2026-06-16,Office Chair,Furniture,East,7,134.57,0.05,894.89,600.45,294.44
ORD0411,2026-06-17,Mouse,Accessories,East,7,25.11,0.05,166.98,129.54,37.44
ORD0638,2026-06-18,Headphones,Electronics,West,2,63.05,0.05,119.79,75.7,44.09
ORD0765,2026-06-19,Keyboard,Accessories,West,1,104.46,0.05,99.24,57.84,41.4
ORD0211,2026-06-21,Smartphone,Electronics,Central,6,294.9,0.0,1769.4,1113.7,655.7
ORD0102,2026-06-21,Laptop,Electronics,North,1,986.28,0.0,986.28,677.64,308.64
ORD0465,2026-06-21,Office Chair,Furniture,East,5,287.36,0.05,1364.96,1036.29,328.67
ORD0782,2026-06-22,Laptop,Electronics,North,7,849.68,0.0,5947.76,4487.73,1460.03
ORD0547,2026-06-24,Monitor,Electronics,Central,2,165.68,0.05,314.79,218.43,96.36
ORD0707,2026-06-24,Headphones,Electronics,East,7,74.53,0.1,469.54,307.28,162.26
ORD0546,2026-06-25,Mouse,Accessories,East,5,35.34,0.0,176.7,104.94,71.76
ORD0688,2026-06-25,Printer,Office Equipment,North,3,202.55,0.1,546.89,318.61,228.28
ORD0675,2026-06-25,Smartphone,Electronics,East,4,568.85,0.0,2275.4,1690.97,584.43
ORD0761,2026-06-27,Backpack,Bags,South,4,93.67,0.1,337.21,231.8,105.41
ORD0412,2026-06-28,Headphones,Electronics,South,1,145.14,0.0,145.14,105.08,40.06
